Gene,UniProt_ID,PTM,SITE
THRB,P10828,Acetylation,K184
THRB,P10828,Acetylation,K188
THRB,P10828,Acetylation,K190
NR1D2,Q14995,Acetylation,K163
RORC,P51449-2,Acetylation,K99
RORC,P51449-2,Acetylation,K69
NR1H3,Q13133,Acetylation,K434
NR1H2,P55055,Acetylation,K447
NR1H4,Q96RI1-1,Acetylation,K157
NR1H4,Q96RI1-1,Acetylation,K217
HNF4A,P41235,Acetylation,K458
RXRA,P19793,Acetylation,K145
NR2C2,P49116,Acetylation,K175
NR2C2,P49116,Acetylation,K176
ESR1,P03372,Acetylation,K266
ESR1,P03372,Acetylation,K268
ESR1,P03372,Acetylation,K299
ESR1,P03372,Acetylation,K303
ESR1,P03372,Acetylation,K302
ESRRA,P11474,Acetylation,K129
ESRRA,P11474,Acetylation,K138
ESRRA,P11474,Acetylation,K160
ESRRA,P11474,Acetylation,K162
NR3C1,P04150,Acetylation,K494
NR3C1,P04150,Acetylation,K495
NR3C1,P04150,Acetylation,K480
NR3C1,P04150,Acetylation,K492
AR,P10275,Acetylation,K631
AR,P10275,Acetylation,K633
AR,P10275,Acetylation,K634
NR0B2,Q15466,Acetylation,K170
THRA,P10827,Acetylation,K7
THRA,P10827,Acetylation,K25
THRA,P10827,Acetylation,K130
THRA,P10827,Acetylation,K134
THRA,P10827,Acetylation,K136
NR1D1,P20393,Acetylation,K191
NR1D1,P20393,Acetylation,K192
NR1D1,P20393,Acetylation,K400
NR1D1,P20393,Acetylation,K591
NR1D2,Q14995,Acetylation,K162
RORA,P35398,Acetylation,K79
RORB,Q92753,Acetylation,K27
RORC,P51449,Acetylation,K37
NR1H4,Q96RI1,Acetylation,K167
NR1H4,Q96RI1,Acetylation,K227
NR1I2,O75469,Acetylation,K109
HNF4A,P41235,Acetylation,K106
HNF4A,P41235,Acetylation,K108
HNF4A,P41235,Acetylation,K126
HNF4A,P41235,Acetylation,K127
RXRA,P19793,Acetylation,K417
RXRB,P28702,Acetylation,K202
RXRB,P28702,Acetylation,K26
NR2C2,P49116,Acetylation,K231
NR2C2,P49116,Acetylation,K200
NR2C1,P13056,Acetylation,K196
NR2C1,P13056,Acetylation,K56
NR2F1,P10589,Acetylation,K70
NR2F1,P10589,Acetylation,K96
ESR1,P03372,Acetylation,K32
ESR1,P03372,Acetylation,K171
ESR1,P03372,Acetylation,K244
ESR1,P03372,Acetylation,K252
ESR1,P03372,Acetylation,K472
ESR1,P03372,Acetylation,K8
ESRRA,P11474,Acetylation,K51
ESRRA,P11474,Acetylation,K68
ESRRB,O95718,Acetylation,K170
ESRRB,O95718,Acetylation,K238
ESRRG,P62508,Acetylation,K195
NR3C1,P04150,Acetylation,K154
NR3C1,P04150-8,Acetylation,M1
NR3C1,P04150-9,Acetylation,M1
NR3C2,P08235,Acetylation,K464
PGR,P06401,Acetylation,K183
AR,P10275,Acetylation,K837
AR,P10275,Acetylation,K606
AR,P10275,Acetylation,K619
NR4A1,P22736,Acetylation,K288
NR4A1,P22736,Acetylation,K300
NR4A1,P22736,Acetylation,K307
NR5A1,Q13285,Acetylation,K34
NR5A1,Q13285,Acetylation,K38
NR5A1,Q13285,Acetylation,K72
NR5A2,O00482,Acetylation,K107
NR5A2,O00482,Acetylation,K111
RXRB,P28702,Acetylation,K488
RXRG,P48443,Acetylation,K418
ESRRB,O95718,Acetylation,K414
NR3C2,P08235,Acetylation,K182
RORA,P35398,Acetylation,K38
NR1H4,Q96RI1,Acetylation,K220
NR3C1,P04150,Acetylation,M1
ESR1,P03372,Glycosylation,S573
RARB,P10826,Glycosylation,S369
PPARG,P37231,Glycosylation,T84
RORA,P35398,Glycosylation,S49
RORA,P35398,Glycosylation,T328
NR1H3,Q13133,Glycosylation,S49
NR1H4,Q96RI1-1,Glycosylation,S62
NR2C2,P49116,Glycosylation,S72
NR2C1,P13056,Glycosylation,S148
NR2C1,P13056,Glycosylation,S581
ESR1,P03372,Glycosylation,S10
NR3C1,P04150,Glycosylation,S42
NR3C1,P04150,Glycosylation,S44
NR3C1,P04150,Glycosylation,S45
NR3C1,P04150,Glycosylation,S47
NR3C1,P04150,Glycosylation,S52
NR3C1,P04150,Glycosylation,S54
NR3C1,P04150,Glycosylation,S56
NR4A3,Q92570,Glycosylation,T488
NR1H4,Q96RI1-1,Methylation,K210
HNF4A,P41235,Methylation,R97
ESR1,P03372,Methylation,K302
AR,P10275,Methylation,K631
NR0B2,Q15466,Methylation,R57
RORA,P35398,Methylation,K38
NR1H2,P55055,Methylation,R126
NR1H4,Q96RI1,Methylation,K220
NR1H4,Q96RI1,Methylation,G210
RXRB,P28702,Methylation,R6
RXRB,P28702,Methylation,R25
RXRB,P28702,Methylation,R303
RXRG,P48443,Methylation,K10
NR2F1,P10589,Methylation,K148
NR2F1,P10589,Methylation,R366
ESR1,P03372,Methylation,R260
AR,P10275,Methylation,K633
NR4A3,Q92570,Methylation,R187
NR0B2,Q15466,Methylation,R238
THRA,P10827,Methylation,K288
THRA,P10827,Methylation,K83
THRA,P10827,Methylation,K252
THRA,P10827,Methylation,K304
THRA,P10827,Methylation,K101
THRB,P10828,Methylation,K206
THRB,P10828,Methylation,K223
THRB,P10828,Methylation,K137
THRB,P10828,Methylation,K306
THRB,P10828,Methylation,K155
RARA,P10276,Methylation,K190
RARA,P10276,Methylation,K360
RARA,P10276,Methylation,K399
RARA,P10276,Methylation,K134
RARA,P10276,Methylation,K262
RARB,P10826,Methylation,K360
RARB,P10826,Methylation,K190
RARB,P10826,Methylation,K399
RARB,P10826,Methylation,K134
RARB,P10826,Methylation,K262
RARG,P13631,Methylation,K192
RARG,P13631,Methylation,K56
RARG,P13631,Methylation,K401
RARG,P13631,Methylation,K136
RARG,P13631,Methylation,K264
PPARA,Q07869,Methylation,K216
PPARA,Q07869,Methylation,K266
PPARA,Q07869,Methylation,K349
PPARA,Q07869,Methylation,K429
PPARA,Q07869,Methylation,K345
PPARA,Q07869,Methylation,K425
PPARA,Q07869,Methylation,K448
PPARA,Q07869,Methylation,K222
PPARD,Q03181,Methylation,K188
PPARD,Q03181,Methylation,K322
PPARD,Q03181,Methylation,K110
PPARD,Q03181,Methylation,K402
PPARD,Q03181,Methylation,K398
PPARG,P37231,Methylation,K432
PPARG,P37231,Methylation,K386
PPARG,P37231,Methylation,K466
PPARG,P37231,Methylation,K382
PPARG,P37231,Methylation,K107
PPARG,P37231,Methylation,K485
PPARG,P37231,Methylation,K450
NR1D1,P20393,Methylation,K591
NR1D1,P20393,Methylation,K576
NR1D1,P20393,Methylation,K124
NR1D2,Q14995,Methylation,K557
NR1D2,Q14995,Methylation,K439
NR1D2,Q14995,Methylation,K68
NR1D2,Q14995,Methylation,K239
RORA,P35398,Methylation,K439
RORA,P35398,Methylation,K357
RORA,P35398,Methylation,K469
RORA,P35398,Methylation,K162
RORA,P35398,Methylation,K74
RORB,Q92753,Methylation,K307
RORB,Q92753,Methylation,K398
RORB,Q92753,Methylation,K259
RORB,Q92753,Methylation,K162
RORB,Q92753,Methylation,K110
RORB,Q92753,Methylation,K423
RORB,Q92753,Methylation,K232
RORB,Q92753,Methylation,K419
RORC,P51449,Methylation,K436
RORC,P51449,Methylation,K354
RORC,P51449,Methylation,K178
RORC,P51449,Methylation,K120
RORC,P51449,Methylation,K192
RORC,P51449,Methylation,K465
NR1H3,Q13133,Methylation,K291
NR1H3,Q13133,Methylation,K177
NR1H2,P55055,Methylation,K304
NR1H4,Q96RI1,Methylation,R99
NR1H4,Q96RI1,Methylation,K420
NR1H4,Q96RI1,Methylation,K335
NR1H4,Q96RI1,Methylation,K33
NR1H4,Q96RI1,Methylation,K352
VDR,P11473,Methylation,K117
VDR,P11473,Methylation,K264
VDR,P11473,Methylation,K382
NR1I2,O75469,Methylation,K277
NR1I2,O75469,Methylation,K126
NR1I2,O75469,Methylation,K374
NR1I3,Q14994,Methylation,K255
NR1I3,Q14994,Methylation,K195
NR1I3,Q14994,Methylation,K174
NR1I3,Q14994,Methylation,K108
NR1I3,Q14994,Methylation,K315
HNF4A,P41235,Methylation,K290
RXRA,P19793,Methylation,K160
RXRA,P19793,Methylation,K356
RXRA,P19793,Methylation,K118
RXRA,P19793,Methylation,K431
RXRA,P19793,Methylation,K181
RXRA,P19793,Methylation,K321
RXRB,P28702,Methylation,K230
RXRB,P28702,Methylation,K427
RXRB,P28702,Methylation,K180
RXRB,P28702,Methylation,K502
RXRB,P28702,Methylation,K235
RXRB,P28702,Methylation,K314
RXRG,P48443,Methylation,K164
RXRG,P48443,Methylation,K357
RXRG,P48443,Methylation,K432
RXRG,P48443,Methylation,K185
RXRG,P48443,Methylation,K169
NR2C2,P49116,Methylation,K531
NR2C2,P49116,Methylation,K496
NR2C2,P49116,Methylation,K142
NR2C2,P49116,Methylation,K231
NR2C2,P49116,Methylation,K105
NR2C2,P49116,Methylation,K516
NR2C2,P49116,Methylation,K581
NR2C2,P49116,Methylation,K163
NR2C1,P13056,Methylation,K503
NR2C1,P13056,Methylation,K138
NR2C1,P13056,Methylation,K523
NR2C1,P13056,Methylation,K143
NR2C1,P13056,Methylation,K159
NR2C1,P13056,Methylation,K427
NR2E1,Q9Y466,Methylation,K41
NR2E1,Q9Y466,Methylation,K101
NR2E1,Q9Y466,Methylation,K85
NR2E3,Q9Y5X4,Methylation,K72
NR2F1,P10589,Methylation,K347
NR2F1,P10589,Methylation,K308
NR2F1,P10589,Methylation,K396
NR2F2,P24468,Methylation,K340
NR2F2,P24468,Methylation,K301
NR2F2,P24468,Methylation,K389
NR2F6,P10588,Methylation,K330
NR2F6,P10588,Methylation,K379
ESR1,P03372,Methylation,K299
ESR1,P03372,Methylation,K481
ESR1,P03372,Methylation,K472
ESR1,P03372,Methylation,K449
ESR2,Q92731,Methylation,K125
ESRRA,P11474,Methylation,K330
ESRRA,P11474,Methylation,K24
ESRRA,P11474,Methylation,K14
ESRRB,O95718,Methylation,K365
ESRRB,O95718,Methylation,K17
ESRRB,O95718,Methylation,K90
ESRRG,P62508,Methylation,K390
ESRRG,P62508,Methylation,K40
ESRRG,P62508,Methylation,K354
NR3C1,P04150,Methylation,R34
NR3C1,P04150,Methylation,K80
NR3C1,P04150,Methylation,K120
NR3C1,P04150,Methylation,K293
NR3C1,P04150,Methylation,K703
NR3C1,P04150,Methylation,K467
NR3C2,P08235,Methylation,K883
NR3C2,P08235,Methylation,K95
NR3C2,P08235,Methylation,K142
NR3C2,P08235,Methylation,K901
NR3C2,P08235,Methylation,K428
NR3C2,P08235,Methylation,K649
PGR,P06401,Methylation,K885
PGR,P06401,Methylation,K531
PGR,P06401,Methylation,K854
AR,P10275,Methylation,K884
AR,P10275,Methylation,K837
AR,P10275,Methylation,K639
NR4A2,P43354,Methylation,K288
NR4A2,P43354,Methylation,K558
NR4A2,P43354,Methylation,K432
NR4A2,P43354,Methylation,K530
NR4A1,P22736,Methylation,K419
NR4A1,P22736,Methylation,K292
NR4A1,P22736,Methylation,K558
NR4A1,P22736,Methylation,K32
NR4A3,Q92570,Methylation,K317
NR4A3,Q92570,Methylation,K463
NR4A3,Q92570,Methylation,K85
NR4A3,Q92570,Methylation,K518
NR5A1,Q13285,Methylation,K391
NR5A1,Q13285,Methylation,K38
NR5A1,Q13285,Methylation,K382
NR5A1,Q13285,Methylation,K372
NR5A2,O00482,Methylation,K111
NR5A2,O00482,Methylation,K310
NR5A2,O00482,Methylation,K462
NR5A2,O00482,Methylation,K72
NR5A2,O00482,Methylation,K452
NR6A1,Q15406,Methylation,K85
NR0B1,P51843,Methylation,K382
NR0B1,P51843,Methylation,K351
NR0B1,P51843,Methylation,K264
NR0B1,P51843,Methylation,K362
NR0B2,Q15466,Methylation,K119
NR0B2,Q15466,Methylation,K164
RARG,P13631,Methylation,R34
NR3C1,P04150,Methylation,R23
ESR1,P03372,Palmitoylation,C447
RARA,P10276,Palmitoylation,C105
RARA,P10276,Palmitoylation,C174
THRB,P10828,Phosphorylation,S142
THRB,P10828,Phosphorylation,K128
THRB,P10828,Phosphorylation,R132
THRB,P10828,Phosphorylation,R133
RARA,P10276,Phosphorylation,S96
RARA,P10276,Phosphorylation,S157
RARA,P10276,Phosphorylation,S369
RARA,P10276,Phosphorylation,S443
RARA,P10276,Phosphorylation,S445
RARA,P10276,Phosphorylation,S449
RARA,P10276,Phosphorylation,T181
RARG,P13631,Phosphorylation,S77
RARG,P13631,Phosphorylation,S79
RARG,P13631-2,Phosphorylation,S66
RARG,P13631-2,Phosphorylation,S68
PPARA,Q07869,Phosphorylation,S12
PPARA,Q07869,Phosphorylation,S21
PPARG,P37231,Phosphorylation,S112
NR1D1,P20393,Phosphorylation,S59
RORA,P35398-2,Phosphorylation,S35
RORA,P35398-2,Phosphorylation,S100
NR1H3,Q13133,Phosphorylation,S198
NR1H4,Q96RI1-1,Phosphorylation,Y67
NR1H4,Q96RI1-1,Phosphorylation,S135
NR1H4,Q96RI1-1,Phosphorylation,S154
NR1H4,Q96RI1-1,Phosphorylation,T442
NR1H4,Q96RI1-1,Phosphorylation,S327
VDR,P11473,Phosphorylation,S51
VDR,P11473,Phosphorylation,S208
VDR,P11473,Phosphorylation,S182
VDR,P11473,Phosphorylation,S222
NR1I2,O75469,Phosphorylation,T408
NR1I2,O75469,Phosphorylation,S8
NR1I2,O75469,Phosphorylation,S208
NR1I2,O75469,Phosphorylation,S305
NR1I2,O75469,Phosphorylation,S350
NR1I2,O75469,Phosphorylation,T57
NR1I3,Q14994,Phosphorylation,T38
HNF4A,P41235,Phosphorylation,S148
HNF4A,P41235,Phosphorylation,S151
HNF4A,P41235,Phosphorylation,S303
HNF4A,P41235,Phosphorylation,S378
HNF4A,P41235,Phosphorylation,T455
HNF4A,P41235,Phosphorylation,S313
HNF4A,P41235,Phosphorylation,S167
HNF4A,P41235,Phosphorylation,S87
HNF4A,P41235-2,Phosphorylation,Y23
HNF4A,P41235-2,Phosphorylation,Y286
HNF4A,P41235-2,Phosphorylation,Y288
RXRA,P19793,Phosphorylation,S260
RXRA,P19793,Phosphorylation,Y249
RXRA,P19793,Phosphorylation,Y397
RXRA,P19793,Phosphorylation,S27
RXRA,P19793,Phosphorylation,T162
NR2E1,Q9Y466,Phosphorylation,S301
NR2E1,Q9Y466,Phosphorylation,S9
NR2E1,Q9Y466,Phosphorylation,T357
NR2E1,Q9Y466,Phosphorylation,S354
NR2E1,Q9Y466,Phosphorylation,S356
ESR1,P03372,Phosphorylation,S118
ESR1,P03372,Phosphorylation,S167
ESR1,P03372,Phosphorylation,S104
ESR1,P03372,Phosphorylation,S106
ESR1,P03372,Phosphorylation,S236
ESR1,P03372,Phosphorylation,Y537
ESR1,P03372,Phosphorylation,S212
ESR1,P03372,Phosphorylation,S47
ESR1,P03372,Phosphorylation,S282
ESR1,P03372,Phosphorylation,S294
ESR1,P03372,Phosphorylation,S559
ESR1,P03372,Phosphorylation,Y52
ESR1,P03372,Phosphorylation,Y219
ESR1,P03372,Phosphorylation,T311
ESR1,P03372,Phosphorylation,S305
ESR1,P03372,Phosphorylation,S154
ESR2,Q92731,Phosphorylation,S105
ESRRA,P11474,Phosphorylation,S19
ESRRA,P11474,Phosphorylation,S22
ESRRG,P62508,Phosphorylation,S45
NR3C1,P04150,Phosphorylation,S203
NR3C1,P04150,Phosphorylation,S211
NR3C1,P04150,Phosphorylation,T524
NR3C1,P04150,Phosphorylation,S617
NR3C1,P04150,Phosphorylation,S404
NR3C2,P08235,Phosphorylation,S843
NR3C2,P08235,Phosphorylation,S129
NR3C2,P08235,Phosphorylation,T159
NR3C2,P08235,Phosphorylation,S250
PGR,P06401,Phosphorylation,S25
PGR,P06401,Phosphorylation,S81
PGR,P06401,Phosphorylation,S162
PGR,P06401,Phosphorylation,S190
PGR,P06401,Phosphorylation,S213
PGR,P06401,Phosphorylation,S400
PGR,P06401,Phosphorylation,S102
PGR,P06401,Phosphorylation,S294
PGR,P06401,Phosphorylation,S345
PGR,P06401,Phosphorylation,S554
PGR,P06401,Phosphorylation,S676
PGR,P06401,Phosphorylation,T430
AR,P10275,Phosphorylation,S83
AR,P10275,Phosphorylation,S16
AR,P10275,Phosphorylation,S96
AR,P10275,Phosphorylation,S258
AR,P10275,Phosphorylation,S310
AR,P10275,Phosphorylation,S426
AR,P10275,Phosphorylation,S651
AR,P10275,Phosphorylation,S215
AR,P10275,Phosphorylation,S792
AR,P10275,Phosphorylation,T851
AR,P10275,Phosphorylation,T282
AR,P10275,Phosphorylation,S516
AR,P10275,Phosphorylation,S579
AR,P10275,Phosphorylation,Y225
AR,P10275,Phosphorylation,Y309
AR,P10275,Phosphorylation,Y348
AR,P10275,Phosphorylation,Y364
AR,P10275,Phosphorylation,Y395
AR,P10275,Phosphorylation,Y552
AR,P10275,Phosphorylation,Y916
AR,P10275,Phosphorylation,Y535
AR,P10275,Phosphorylation,Y269
AR,P10275,Phosphorylation,Y365
NR4A2,P43354,Phosphorylation,S126
NR4A2,P43354,Phosphorylation,S125
NR4A2,P43354,Phosphorylation,T129
NR4A2,P43354,Phosphorylation,T132
NR4A2,P43354,Phosphorylation,T185
NR4A1,P22736,Phosphorylation,S431
NR4A1,P22736,Phosphorylation,S140
NR4A1,P22736,Phosphorylation,T143
NR5A2,O00482,Phosphorylation,S238
NR5A2,O00482,Phosphorylation,S243
NR5A2,O00482,Phosphorylation,S510
NR0B2,Q15466,Phosphorylation,T55
THRA,P10827,Phosphorylation,S12
THRA,P10827,Phosphorylation,S18
THRA,P10827,Phosphorylation,S21
THRA,P10827,Phosphorylation,S199
THRA,P10827,Phosphorylation,T37
THRA,P10827,Phosphorylation,S38
THRA,P10827,Phosphorylation,S45
THRA,P10827,Phosphorylation,Y46
THRA,P10827,Phosphorylation,S40
THRA,P10827,Phosphorylation,Y42
THRA,P10827,Phosphorylation,S435
THRB,P10828,Phosphorylation,S55
THRB,P10828,Phosphorylation,S270
THRB,P10828,Phosphorylation,Y406
THRB,P10828,Phosphorylation,T12
THRB,P10828,Phosphorylation,T2
THRB,P10828,Phosphorylation,T273
THRB,P10828,Phosphorylation,S5
RARA,P10276,Phosphorylation,S77
RARA,P10276,Phosphorylation,S219
RARA,P10276,Phosphorylation,S461
RARA,P10276-2,Phosphorylation,S440
RARA,P10276,Phosphorylation,S447
RARA,P10276,Phosphorylation,S74
RARA,P10276,Phosphorylation,T382
RARA,P10276,Phosphorylation,S451
RARA,P10276,Phosphorylation,S452
RARA,P10276,Phosphorylation,S455
RARA,P10276,Phosphorylation,S456
RARA,P10276,Phosphorylation,T459
RARA,P10276-2,Phosphorylation,T11
RARA,P10276-2,Phosphorylation,Y2
RARA,P10276-2,Phosphorylation,Y21
RARA,P10276-2,Phosphorylation,S4
RARA,P10276-2,Phosphorylation,S72
RARB,P10826,Phosphorylation,S77
RARB,P10826,Phosphorylation,Y122
RARB,P10826,Phosphorylation,T123
RARB,P10826,Phosphorylation,T346
RARB,P10826,Phosphorylation,T382
RARB,P10826,Phosphorylation,S96
RARB,P10826-2,Phosphorylation,S67
RARB,P10826-2,Phosphorylation,S70
RARG,P13631,Phosphorylation,S36
RARG,P13631,Phosphorylation,S43
RARG,P13631,Phosphorylation,S426
RARG,P13631,Phosphorylation,S452
RARG,P13631,Phosphorylation,Y374
RARG,P13631,Phosphorylation,S371
RARG,P13631,Phosphorylation,S176
RARG,P13631,Phosphorylation,S179
RARG,P13631,Phosphorylation,Y180
RARG,P13631,Phosphorylation,T384
RARG,P13631,Phosphorylation,S427
RARG,P13631,Phosphorylation,S436
RARG,P13631,Phosphorylation,S437
RARG,P13631,Phosphorylation,S76
RARG,P13631-3,Phosphorylation,S5
RARG,P13631-3,Phosphorylation,S7
PPARA,Q07869,Phosphorylation,S6
PPARA,Q07869,Phosphorylation,S45
PPARA,Q07869,Phosphorylation,S179
PPARA,Q07869,Phosphorylation,S230
PPARA,Q07869,Phosphorylation,Y314
PPARA,Q07869,Phosphorylation,S323
PPARA,Q07869,Phosphorylation,T340
PPARA,Q07869,Phosphorylation,S163
PPARA,Q07869,Phosphorylation,Y311
PPARA,Q07869,Phosphorylation,S38
PPARD,Q03181,Phosphorylation,S48
PPARD,Q03181,Phosphorylation,S49
PPARD,Q03181,Phosphorylation,S50
PPARD,Q03181,Phosphorylation,S53
PPARG,P37231,Phosphorylation,Y102
PPARG,P37231,Phosphorylation,Y123
PPARG,P37231,Phosphorylation,T269
PPARG,P37231,Phosphorylation,S273
PPARG,P37231,Phosphorylation,S104
PPARG,P37231,Phosphorylation,Y115
PPARG,P37231,Phosphorylation,Y116
PPARG,P37231,Phosphorylation,S117
NR1D1,P20393,Phosphorylation,S23
NR1D1,P20393,Phosphorylation,S55
NR1D1,P20393,Phosphorylation,S280
NR1D1,P20393,Phosphorylation,S320
NR1D1,P20393,Phosphorylation,Y394
NR1D1,P20393,Phosphorylation,S486
NR1D1,P20393,Phosphorylation,S22
NR1D1,P20393,Phosphorylation,T284
NR1D1,P20393,Phosphorylation,S310
NR1D1,P20393,Phosphorylation,S322
NR1D1,P20393,Phosphorylation,T597
NR1D1,P20393,Phosphorylation,S603
NR1D1,P20393,Phosphorylation,T10
NR1D1,P20393,Phosphorylation,S176
NR1D1,P20393,Phosphorylation,S19
NR1D1,P20393,Phosphorylation,T2
NR1D1,P20393,Phosphorylation,S20
NR1D1,P20393,Phosphorylation,S25
NR1D1,P20393,Phosphorylation,T27
NR1D1,P20393,Phosphorylation,S278
NR1D1,P20393,Phosphorylation,T3
NR1D1,P20393,Phosphorylation,S309
NR1D1,P20393,Phosphorylation,T326
NR1D1,P20393,Phosphorylation,T327
NR1D1,P20393,Phosphorylation,T470
NR1D1,P20393,Phosphorylation,S6
NR1D1,P20393,Phosphorylation,S608
NR1D2,Q14995,Phosphorylation,T78
NR1D2,Q14995,Phosphorylation,S79
NR1D2,Q14995,Phosphorylation,S81
NR1D2,Q14995,Phosphorylation,S82
NR1D2,Q14995,Phosphorylation,T87
NR1D2,Q14995,Phosphorylation,T460
NR1D2,Q14995,Phosphorylation,T462
NR1D2,Q14995,Phosphorylation,S242
NR1D2,Q14995,Phosphorylation,S241
NR1D2,Q14995,Phosphorylation,S470
RORA,P35398-4,Phosphorylation,Y102
RORA,P35398,Phosphorylation,T183
RORA,P35398,Phosphorylation,S216
RORA,P35398,Phosphorylation,S155
RORA,P35398,Phosphorylation,Y157
RORA,P35398,Phosphorylation,S49
RORA,P35398,Phosphorylation,S51
RORB,Q92753,Phosphorylation,S136
RORB,Q92753,Phosphorylation,S149
RORB,Q92753,Phosphorylation,T151
RORB,Q92753,Phosphorylation,S103
RORB,Q92753,Phosphorylation,Y105
RORB,Q92753,Phosphorylation,Y133
RORB,Q92753,Phosphorylation,S134
RORB,Q92753,Phosphorylation,S135
RORB,Q92753,Phosphorylation,S138
RORB,Q92753,Phosphorylation,S142
RORB,Q92753,Phosphorylation,T148
RORB,Q92753,Phosphorylation,Y152
RORB,Q92753,Phosphorylation,S163
RORB,Q92753,Phosphorylation,Y166
RORB,Q92753,Phosphorylation,Y167
RORB,Q92753,Phosphorylation,S171
RORB,Q92753,Phosphorylation,S175
RORB,Q92753,Phosphorylation,S179
RORB,Q92753,Phosphorylation,T184
RORB,Q92753,Phosphorylation,S380
RORB,Q92753,Phosphorylation,S444
RORB,Q92753,Phosphorylation,T451
RORB,Q92753,Phosphorylation,Y457
RORC,P51449,Phosphorylation,S205
RORC,P51449,Phosphorylation,T225
RORC,P51449,Phosphorylation,Y264
RORC,P51449,Phosphorylation,T68
RORC,P51449,Phosphorylation,T78
RORC,P51449,Phosphorylation,S79
RORC,P51449,Phosphorylation,S219
RORC,P51449,Phosphorylation,T220
RORC,P51449,Phosphorylation,S222
RORC,P51449,Phosphorylation,S24
RORC,P51449,Phosphorylation,S253
RORC,P51449,Phosphorylation,T510
RORC,P51449,Phosphorylation,S512
RORC,P51449,Phosphorylation,S58
RORC,P51449,Phosphorylation,Y65
RORC,P51449,Phosphorylation,S66
NR1H3,Q13133,Phosphorylation,S197
NR1H3,Q13133,Phosphorylation,S246
NR1H3,Q13133,Phosphorylation,T314
NR1H3,Q13133,Phosphorylation,S413
NR1H3,Q13133,Phosphorylation,S191
NR1H3,Q13133,Phosphorylation,S207
NR1H3,Q13133,Phosphorylation,T292
NR1H3,Q13133,Phosphorylation,S303
NR1H3,Q13133,Phosphorylation,S320
NR1H2,P55055,Phosphorylation,S8
NR1H2,P55055,Phosphorylation,T11
NR1H2,P55055,Phosphorylation,S200
NR1H2,P55055,Phosphorylation,S426
NR1H2,P55055,Phosphorylation,S3
NR1H2,P55055,Phosphorylation,T5
NR1H2,P55055,Phosphorylation,S25
NR1H2,P55055,Phosphorylation,S26
NR1H2,P55055,Phosphorylation,S2
NR1H2,P55055,Phosphorylation,S27
NR1H2,P55055,Phosphorylation,T6
NR1H2,P55055,Phosphorylation,T29
NR1H2,P55055,Phosphorylation,Y398
NR1H2,P55055,Phosphorylation,S404
NR1H2,P55055,Phosphorylation,T406
NR1H2,P55055,Phosphorylation,S7
NR1H4,Q96RI1,Phosphorylation,S145
NR1H4,Q96RI1,Phosphorylation,S164
NR1H4,Q96RI1,Phosphorylation,T456
NR1H4,Q96RI1,Phosphorylation,C154
NR1H4,Q96RI1,Phosphorylation,E135
NR1H4,Q96RI1,Phosphorylation,S31
NR1H4,Q96RI1,Phosphorylation,S356
NR1H4,Q96RI1,Phosphorylation,S359
VDR,P11473,Phosphorylation,S172
VDR,P11473,Phosphorylation,T175
VDR,P11473-2,Phosphorylation,S442
VDR,P11473-2,Phosphorylation,S461
VDR,P11473,Phosphorylation,S165
VDR,P11473,Phosphorylation,S168
VDR,P11473,Phosphorylation,S392
VDR,P11473,Phosphorylation,S411
VDR,P11473,Phosphorylation,S7
VDR,P11473,Phosphorylation,T8
VDR,P11473,Phosphorylation,S9
NR1I2,O75469,Phosphorylation,T133
NR1I2,O75469,Phosphorylation,T248
NR1I2,O75469,Phosphorylation,Y249
NR1I2,O75469,Phosphorylation,S256
NR1I2,O75469,Phosphorylation,S274
NR1I2,O75469-7,Phosphorylation,T172
NR1I2,O75469,Phosphorylation,S212
NR1I2,O75469,Phosphorylation,S247
NR1I3,Q14994,Phosphorylation,S192
HNF4A,P41235,Phosphorylation,S138
HNF4A,P41235,Phosphorylation,S142
HNF4A,P41235,Phosphorylation,S143
HNF4A,P41235,Phosphorylation,Y144
HNF4A,P41235,Phosphorylation,S147
HNF4A,P41235,Phosphorylation,T166
HNF4A,P41235,Phosphorylation,S170
HNF4A,P41235,Phosphorylation,S190
HNF4A,P41235,Phosphorylation,S318
HNF4A,P41235,Phosphorylation,T429
HNF4A,P41235,Phosphorylation,T432
HNF4A,P41235,Phosphorylation,S436
HNF4A,P41235,Phosphorylation,S441
HNF4A,P41235,Phosphorylation,S443
HNF4A,P41235,Phosphorylation,T469
HNF4A,P41235,Phosphorylation,Y204
HNF4A,P41235,Phosphorylation,Y446
RXRA,P19793,Phosphorylation,S17
RXRA,P19793,Phosphorylation,S18
RXRA,P19793,Phosphorylation,T20
RXRA,P19793,Phosphorylation,S21
RXRA,P19793,Phosphorylation,T23
RXRA,P19793,Phosphorylation,S32
RXRA,P19793,Phosphorylation,T82
RXRA,P19793,Phosphorylation,S129
RXRA,P19793,Phosphorylation,Y150
RXRA,P19793,Phosphorylation,S259
RXRA,P19793,Phosphorylation,T266
RXRA,P19793,Phosphorylation,S12
RXRA,P19793,Phosphorylation,S222
RXRA,P19793,Phosphorylation,T223
RXRA,P19793,Phosphorylation,S224
RXRA,P19793,Phosphorylation,S225
RXRA,P19793,Phosphorylation,S124
RXRA,P19793,Phosphorylation,T13
RXRA,P19793,Phosphorylation,S151
RXRA,P19793,Phosphorylation,T246
RXRA,P19793,Phosphorylation,T248
RXRB,P28702,Phosphorylation,Y220
RXRB,P28702,Phosphorylation,T325
RXRB,P28702,Phosphorylation,S328
RXRB,P28702,Phosphorylation,S330
RXRB,P28702,Phosphorylation,S331
RXRB,P28702,Phosphorylation,S221
RXRB,P28702,Phosphorylation,S315
RXRB,P28702,Phosphorylation,T337
RXRB,P28702,Phosphorylation,T60
RXRG,P48443,Phosphorylation,Y154
RXRG,P48443,Phosphorylation,Y15
RXRG,P48443,Phosphorylation,S155
RXRG,P48443,Phosphorylation,S18
RXRG,P48443,Phosphorylation,T22
RXRG,P48443,Phosphorylation,S222
RXRG,P48443,Phosphorylation,T25
RXRG,P48443,Phosphorylation,S34
NR2C2,P49116,Phosphorylation,S12
NR2C2,P49116,Phosphorylation,T13
NR2C2,P49116,Phosphorylation,S19
NR2C2,P49116,Phosphorylation,S46
NR2C2,P49116,Phosphorylation,S55
NR2C2,P49116,Phosphorylation,S68
NR2C2,P49116,Phosphorylation,S98
NR2C2,P49116,Phosphorylation,S219
NR2C2,P49116,Phosphorylation,T224
NR2C2,P49116,Phosphorylation,T226
NR2C2,P49116,Phosphorylation,T322
NR2C2,P49116,Phosphorylation,S328
NR2C2,P49116,Phosphorylation,S330
NR2C2,P49116,Phosphorylation,S351
NR2C2,P49116,Phosphorylation,T352
NR2C2,P49116-2,Phosphorylation,T13
NR2C2,P49116-2,Phosphorylation,S15
NR2C2,P49116-2,Phosphorylation,S19
NR2C2,P49116-2,Phosphorylation,S65
NR2C2,P49116-2,Phosphorylation,T73
NR2C2,P49116-2,Phosphorylation,S87
NR2C2,P49116-2,Phosphorylation,S115
NR2C2,P49116-2,Phosphorylation,S117
NR2C2,P49116-2,Phosphorylation,S238
NR2C2,P49116-2,Phosphorylation,T243
NR2C2,P49116-2,Phosphorylation,S346
NR2C2,P49116-2,Phosphorylation,S347
NR2C2,P49116-2,Phosphorylation,S370
NR2C2,P49116-2,Phosphorylation,T371
NR2C2,P49116,Phosphorylation,S15
NR2C2,P49116,Phosphorylation,T27
NR2C2,P49116,Phosphorylation,S327
NR2C2,P49116,Phosphorylation,S44
NR2C2,P49116,Phosphorylation,T54
NR2C2,P49116,Phosphorylation,S96
NR2C2,P49116,Phosphorylation,S189
NR2C2,P49116,Phosphorylation,T2
NR2C2,P49116,Phosphorylation,S207
NR2C2,P49116,Phosphorylation,T208
NR2C2,P49116,Phosphorylation,T323
NR2C2,P49116,Phosphorylation,S325
NR2C2,P49116,Phosphorylation,S326
NR2C2,P49116,Phosphorylation,T337
NR2C2,P49116,Phosphorylation,S338
NR2C2,P49116,Phosphorylation,S342
NR2C2,P49116,Phosphorylation,S347
NR2C2,P49116,Phosphorylation,S363
NR2C2,P49116,Phosphorylation,T365
NR2C2,P49116,Phosphorylation,T368
NR2C2,P49116,Phosphorylation,T39
NR2C2,P49116,Phosphorylation,S5
NR2C2,P49116,Phosphorylation,T61
NR2C2,P49116,Phosphorylation,T71
NR2C2,P49116,Phosphorylation,S72
NR2C2,P49116,Phosphorylation,S73
NR2C2,P49116,Phosphorylation,T94
NR2C2,P49116-2,Phosphorylation,T37
NR2C2,P49116-2,Phosphorylation,S38
NR2C1,P13056,Phosphorylation,S52
NR2C1,P13056,Phosphorylation,T53
NR2C1,P13056,Phosphorylation,S64
NR2C1,P13056,Phosphorylation,T73
NR2C1,P13056,Phosphorylation,T98
NR2C1,P13056,Phosphorylation,S152
NR2C1,P13056,Phosphorylation,Y208
NR2C1,P13056,Phosphorylation,S215
NR2C1,P13056,Phosphorylation,T218
NR2C1,P13056,Phosphorylation,T220
NR2C1,P13056,Phosphorylation,T222
NR2C1,P13056,Phosphorylation,S101
NR2C1,P13056,Phosphorylation,S247
NR2C1,P13056,Phosphorylation,T251
NR2C1,P13056,Phosphorylation,T47
NR2C1,P13056,Phosphorylation,Y529
NR2C1,P13056,Phosphorylation,T65
NR2C1,P13056,Phosphorylation,S90
NR2C1,P13056,Phosphorylation,T204
NR2C1,P13056,Phosphorylation,T21
NR2C1,P13056,Phosphorylation,T225
NR2C1,P13056,Phosphorylation,S227
NR2C1,P13056,Phosphorylation,S229
NR2C1,P13056,Phosphorylation,T230
NR2C1,P13056,Phosphorylation,T233
NR2C1,P13056,Phosphorylation,S238
NR2C1,P13056,Phosphorylation,S424
NR2C1,P13056,Phosphorylation,S55
NR2C1,P13056,Phosphorylation,T72
NR2E1,Q9Y466,Phosphorylation,S2
NR2E1,Q9Y466,Phosphorylation,S202
NR2E1,Q9Y466,Phosphorylation,S207
NR2E1,Q9Y466,Phosphorylation,T208
NR2E1,Q9Y466,Phosphorylation,S210
NR2E1,Q9Y466,Phosphorylation,T299
NR2E1,Q9Y466,Phosphorylation,S7
NR2E3,Q9Y5X4,Phosphorylation,T333
NR2E3,Q9Y5X4,Phosphorylation,S145
NR2E3,Q9Y5X4,Phosphorylation,S156
NR2E3,Q9Y5X4,Phosphorylation,T12
NR2E3,Q9Y5X4,Phosphorylation,S24
NR2E3,Q9Y5X4,Phosphorylation,S377
NR2E3,Q9Y5X4,Phosphorylation,T394
NR2E3,Q9Y5X4,Phosphorylation,T6
NR2F1,P10589,Phosphorylation,T51
NR2F1,P10589,Phosphorylation,T54
NR2F1,P10589,Phosphorylation,T63
NR2F1,P10589,Phosphorylation,S77
NR2F1,P10589,Phosphorylation,T401
NR2F1,P10589,Phosphorylation,T121
NR2F1,P10589,Phosphorylation,Y140
NR2F1,P10589,Phosphorylation,S376
NR2F1,P10589,Phosphorylation,S381
NR2F1,P10589,Phosphorylation,S382
NR2F1,P10589,Phosphorylation,S46
NR2F1,P10589,Phosphorylation,T66
NR2F1,P10589,Phosphorylation,S80
NR2F2,P24468,Phosphorylation,T39
NR2F2,P24468,Phosphorylation,T51
NR2F2,P24468,Phosphorylation,S112
NR2F2,P24468,Phosphorylation,S369
NR2F2,P24468,Phosphorylation,T394
NR2F2,P24468,Phosphorylation,Y133
NR2F2,P24468,Phosphorylation,S374
NR2F2,P24468,Phosphorylation,S375
NR2F2,P24468,Phosphorylation,S50
NR2F2,P24468,Phosphorylation,T55
NR2F2,P24468,Phosphorylation,T7
NR2F6,P10588,Phosphorylation,T5
NR2F6,P10588,Phosphorylation,S32
NR2F6,P10588,Phosphorylation,S34
NR2F6,P10588,Phosphorylation,S40
NR2F6,P10588,Phosphorylation,S83
NR2F6,P10588,Phosphorylation,S89
NR2F6,P10588,Phosphorylation,S149
NR2F6,P10588,Phosphorylation,T336
NR2F6,P10588,Phosphorylation,S134
NR2F6,P10588,Phosphorylation,S142
NR2F6,P10588,Phosphorylation,S143
NR2F6,P10588,Phosphorylation,S145
NR2F6,P10588,Phosphorylation,Y110
NR2F6,P10588,Phosphorylation,T15
NR2F6,P10588,Phosphorylation,S156
NR2F6,P10588,Phosphorylation,S167
NR2F6,P10588,Phosphorylation,Y338
NR2F6,P10588,Phosphorylation,Y343
NR2F6,P10588,Phosphorylation,S345
ESR1,P03372,Phosphorylation,T2
ESR1,P03372,Phosphorylation,T4
ESR1,P03372,Phosphorylation,T7
ESR1,P03372,Phosphorylation,S10
ESR1,P03372,Phosphorylation,S46
ESR1,P03372,Phosphorylation,S102
ESR1,P03372,Phosphorylation,S554
ESR1,P03372,Phosphorylation,S575
ESR1,P03372,Phosphorylation,S576
ESR1,P03372,Phosphorylation,S201
ESR1,P03372,Phosphorylation,Y328
ESR1,P03372,Phosphorylation,S329
ESR1,P03372,Phosphorylation,T570
ESR1,P03372,Phosphorylation,S573
ESR1,P03372,Phosphorylation,T574
ESR2,Q92731,Phosphorylation,Y56
ESR2,Q92731,Phosphorylation,S87
ESR2,Q92731,Phosphorylation,S165
ESR2,Q92731,Phosphorylation,S176
ESR2,Q92731,Phosphorylation,S200
ESR2,Q92731,Phosphorylation,Y210
ESR2,Q92731,Phosphorylation,S323
ESR2,Q92731,Phosphorylation,T415
ESR2,Q92731,Phosphorylation,T417
ESR2,Q92731,Phosphorylation,S422
ESR2,Q92731,Phosphorylation,S423
ESR2,Q92731-2,Phosphorylation,T492
ESR2,Q92731-4,Phosphorylation,S484
ESR2,Q92731-4,Phosphorylation,T491
ESR2,Q92731-7,Phosphorylation,Y320
ESR2,Q92731-7,Phosphorylation,T324
ESR2,Q92731-7,Phosphorylation,S331
ESRRA,P11474,Phosphorylation,S3
ESRRA,P11474,Phosphorylation,S26
ESRRA,P11474,Phosphorylation,S27
ESRRA,P11474,Phosphorylation,T29
ESRRA,P11474,Phosphorylation,T31
ESRRA,P11474,Phosphorylation,T137
ESRRA,P11474,Phosphorylation,S2
ESRRA,P11474,Phosphorylation,T44
ESRRA,P11474,Phosphorylation,S73
ESRRA,P11474,Phosphorylation,S95
ESRRA,P11474-2,Phosphorylation,T190
ESRRB,O95718,Phosphorylation,S352
ESRRB,O95718,Phosphorylation,S354
ESRRB,O95718,Phosphorylation,Y356
ESRRB,O95718,Phosphorylation,T395
ESRRB,O95718,Phosphorylation,S111
ESRRB,O95718,Phosphorylation,S119
ESRRB,O95718,Phosphorylation,S14
ESRRB,O95718,Phosphorylation,T343
ESRRB,O95718-1,Phosphorylation,S478
ESRRB,O95718-1,Phosphorylation,S479
ESRRB,O95718-1,Phosphorylation,S493
ESRRB,O95718-1,Phosphorylation,T494
ESRRG,P62508,Phosphorylation,S37
ESRRG,P62508,Phosphorylation,Y101
ESRRG,P62508,Phosphorylation,T114
ESRRG,P62508,Phosphorylation,S122
ESRRG,P62508-5,Phosphorylation,T112
ESRRG,P62508,Phosphorylation,S105
ESRRG,P62508,Phosphorylation,S106
ESRRG,P62508,Phosphorylation,T107
ESRRG,P62508,Phosphorylation,Y118
ESRRG,P62508,Phosphorylation,S136
ESRRG,P62508,Phosphorylation,S144
ESRRG,P62508,Phosphorylation,S219
ESRRG,P62508,Phosphorylation,Y221
ESRRG,P62508,Phosphorylation,S239
ESRRG,P62508,Phosphorylation,T256
ESRRG,P62508,Phosphorylation,S260
ESRRG,P62508,Phosphorylation,S377
NR3C1,P04150,Phosphorylation,S6
NR3C1,P04150,Phosphorylation,T8
NR3C1,P04150,Phosphorylation,Y30
NR3C1,P04150,Phosphorylation,T32
NR3C1,P04150,Phosphorylation,T38
NR3C1,P04150,Phosphorylation,S44
NR3C1,P04150,Phosphorylation,S45
NR3C1,P04150,Phosphorylation,S54
NR3C1,P04150,Phosphorylation,S56
NR3C1,P04150,Phosphorylation,S113
NR3C1,P04150,Phosphorylation,S125
NR3C1,P04150,Phosphorylation,S132
NR3C1,P04150,Phosphorylation,T133
NR3C1,P04150,Phosphorylation,S134
NR3C1,P04150,Phosphorylation,S141
NR3C1,P04150,Phosphorylation,T208
NR3C1,P04150,Phosphorylation,S226
NR3C1,P04150,Phosphorylation,S234
NR3C1,P04150,Phosphorylation,S266
NR3C1,P04150,Phosphorylation,S267
NR3C1,P04150,Phosphorylation,T272
NR3C1,P04150,Phosphorylation,T288
NR3C1,P04150,Phosphorylation,Y301
NR3C1,P04150,Phosphorylation,S305
NR3C1,P04150,Phosphorylation,S317
NR3C1,P04150,Phosphorylation,S390
NR3C1,P04150,Phosphorylation,S508
NR3C1,P04150,Phosphorylation,Y648
NR3C1,P04150,Phosphorylation,S650
NR3C1,P04150,Phosphorylation,S651
NR3C1,P04150,Phosphorylation,S165
NR3C1,P04150,Phosphorylation,S241
NR3C1,P04150,Phosphorylation,S407
NR3C1,P04150,Phosphorylation,S409
NR3C1,P04150-3,Phosphorylation,S509
NR3C1,P04150,Phosphorylation,S142
NR3C1,P04150,Phosphorylation,S16
NR3C1,P04150,Phosphorylation,S17
NR3C1,P04150,Phosphorylation,S201
NR3C1,P04150,Phosphorylation,S269
NR3C1,P04150,Phosphorylation,T299
NR3C1,P04150,Phosphorylation,S395
NR3C1,P04150,Phosphorylation,S47
NR3C1,P04150,Phosphorylation,S164
NR3C1,P04150,Phosphorylation,S111
NR3C1,P04150,Phosphorylation,S114
NR3C1,P04150,Phosphorylation,T117
NR3C1,P04150,Phosphorylation,S144
NR3C1,P04150,Phosphorylation,T145
NR3C1,P04150,Phosphorylation,S148
NR3C1,P04150,Phosphorylation,S161
NR3C1,P04150,Phosphorylation,S189
NR3C1,P04150,Phosphorylation,T190
NR3C1,P04150,Phosphorylation,S200
NR3C1,P04150,Phosphorylation,S215
NR3C1,P04150,Phosphorylation,T253
NR3C1,P04150,Phosphorylation,S340
NR3C1,P04150,Phosphorylation,S377
NR3C1,P04150,Phosphorylation,T387
NR3C1,P04150,Phosphorylation,Y393
NR3C1,P04150,Phosphorylation,S394
NR3C1,P04150,Phosphorylation,S397
NR3C1,P04150,Phosphorylation,S403
NR3C1,P04150,Phosphorylation,S408
NR3C1,P04150,Phosphorylation,S410
NR3C1,P04150,Phosphorylation,T411
NR3C1,P04150,Phosphorylation,T413
NR3C1,P04150,Phosphorylation,S42
NR3C1,P04150,Phosphorylation,T511
NR3C1,P04150,Phosphorylation,S52
NR3C1,P04150,Phosphorylation,T635
NR3C1,P04150,Phosphorylation,Y640
NR3C1,P04150,Phosphorylation,S659
NR3C1,P04150,Phosphorylation,Y660
NR3C1,P04150,Phosphorylation,T668
NR3C1,P04150,Phosphorylation,S673
NR3C1,P04150,Phosphorylation,S674
NR3C1,P04150,Phosphorylation,S69
NR3C2,P08235,Phosphorylation,T3
NR3C2,P08235,Phosphorylation,Y6
NR3C2,P08235,Phosphorylation,S8
NR3C2,P08235,Phosphorylation,S183
NR3C2,P08235,Phosphorylation,S248
NR3C2,P08235,Phosphorylation,S255
NR3C2,P08235,Phosphorylation,S259
NR3C2,P08235,Phosphorylation,S262
NR3C2,P08235,Phosphorylation,S263
NR3C2,P08235,Phosphorylation,S274
NR3C2,P08235,Phosphorylation,S283
NR3C2,P08235,Phosphorylation,S287
NR3C2,P08235,Phosphorylation,S299
NR3C2,P08235,Phosphorylation,S311
NR3C2,P08235,Phosphorylation,S361
NR3C2,P08235,Phosphorylation,S543
NR3C2,P08235,Phosphorylation,T735
NR3C2,P08235,Phosphorylation,S737
NR3C2,P08235,Phosphorylation,S127
NR3C2,P08235,Phosphorylation,T708
NR3C2,P08235,Phosphorylation,S703
NR3C2,P08235,Phosphorylation,Y134
NR3C2,P08235,Phosphorylation,S266
NR3C2,P08235,Phosphorylation,S267
NR3C2,P08235,Phosphorylation,S270
NR3C2,P08235,Phosphorylation,S271
NR3C2,P08235,Phosphorylation,S273
NR3C2,P08235,Phosphorylation,S277
NR3C2,P08235,Phosphorylation,S280
NR3C2,P08235,Phosphorylation,S286
NR3C2,P08235,Phosphorylation,S29
NR3C2,P08235,Phosphorylation,T292
NR3C2,P08235,Phosphorylation,S298
NR3C2,P08235,Phosphorylation,S30
NR3C2,P08235,Phosphorylation,S312
NR3C2,P08235,Phosphorylation,S534
NR3C2,P08235,Phosphorylation,S536
NR3C2,P08235,Phosphorylation,T709
NR3C2,P08235,Phosphorylation,Y710
NR3C2,P08235,Phosphorylation,S815
PGR,P06401,Phosphorylation,S20
PGR,P06401,Phosphorylation,S79
PGR,P06401,Phosphorylation,Y87
PGR,P06401,Phosphorylation,S101
PGR,P06401,Phosphorylation,S130
PGR,P06401,Phosphorylation,T137
PGR,P06401,Phosphorylation,S227
PGR,P06401,Phosphorylation,S276
PGR,P06401,Phosphorylation,S328
PGR,P06401,Phosphorylation,T351
PGR,P06401,Phosphorylation,Y377
PGR,P06401,Phosphorylation,S397
PGR,P06401,Phosphorylation,S549
PGR,P06401,Phosphorylation,S552
PGR,P06401,Phosphorylation,S558
PGR,P06401,Phosphorylation,S561
PGR,P06401,Phosphorylation,S666
PGR,P06401,Phosphorylation,S735
PGR,P06401,Phosphorylation,S100
PGR,P06401,Phosphorylation,S138
PGR,P06401,Phosphorylation,S139
PGR,P06401,Phosphorylation,S166
PGR,P06401,Phosphorylation,S229
PGR,P06401,Phosphorylation,S232
PGR,P06401,Phosphorylation,S273
PGR,P06401,Phosphorylation,S344
PGR,P06401,Phosphorylation,S349
PGR,P06401,Phosphorylation,S350
PGR,P06401,Phosphorylation,S99
AR,P10275-2,Phosphorylation,S119
AR,P10275,Phosphorylation,S424
AR,P10275,Phosphorylation,S293
AR,P10275,Phosphorylation,S298
AR,P10275,Phosphorylation,S335
AR,P10275,Phosphorylation,Y359
AR,P10275,Phosphorylation,S647
AR,P10275,Phosphorylation,S648
AR,P10275,Phosphorylation,T649
AR,P10275,Phosphorylation,S206
AR,P10275,Phosphorylation,S302
AR,P10275,Phosphorylation,S208
AR,P10275,Phosphorylation,Y11
AR,P10275,Phosphorylation,S121
AR,P10275,Phosphorylation,S142
AR,P10275,Phosphorylation,T18
AR,P10275,Phosphorylation,Y19
AR,P10275,Phosphorylation,S29
AR,P10275,Phosphorylation,T303
AR,P10275,Phosphorylation,S328
AR,P10275,Phosphorylation,S330
AR,P10275,Phosphorylation,S336
AR,P10275,Phosphorylation,T338
AR,P10275,Phosphorylation,Y504
AR,P10275,Phosphorylation,T518
AR,P10275,Phosphorylation,T653
AR,P10275,Phosphorylation,T656
AR,P10275,Phosphorylation,T657
NR4A2,P43354,Phosphorylation,S177
NR4A2,P43354,Phosphorylation,S181
NR4A2,P43354,Phosphorylation,S250
NR4A2,P43354,Phosphorylation,S256
NR4A2,P43354,Phosphorylation,S258
NR4A2,P43354,Phosphorylation,T335
NR4A2,P43354,Phosphorylation,S337
NR4A2,P43354,Phosphorylation,S347
NR4A2,P43354,Phosphorylation,S351
NR4A2,P43354,Phosphorylation,S356
NR4A2,P43354,Phosphorylation,S359
NR4A2,P43354,Phosphorylation,S363
NR4A2,P43354,Phosphorylation,T246
NR4A2,P43354,Phosphorylation,S366
NR4A2,P43354,Phosphorylation,S375
NR4A2,P43354,Phosphorylation,S174
NR4A2,P43354,Phosphorylation,S253
NR4A2,P43354,Phosphorylation,T380
NR4A2,P43354,Phosphorylation,S381
NR4A2,P43354,Phosphorylation,Y384
NR4A2,P43354,Phosphorylation,S385
NR4A1,P22736,Phosphorylation,T10
NR4A1,P22736,Phosphorylation,S14
NR4A1,P22736,Phosphorylation,S23
NR4A1,P22736,Phosphorylation,T27
NR4A1,P22736,Phosphorylation,S95
NR4A1,P22736,Phosphorylation,S193
NR4A1,P22736,Phosphorylation,T196
NR4A1,P22736,Phosphorylation,S201
NR4A1,P22736,Phosphorylation,S205
NR4A1,P22736,Phosphorylation,S263
NR4A1,P22736,Phosphorylation,T339
NR4A1,P22736,Phosphorylation,S341
NR4A1,P22736,Phosphorylation,S351
NR4A1,P22736,Phosphorylation,S360
NR4A1,P22736-2,Phosphorylation,S214
NR4A1,P22736-2,Phosphorylation,S218
NR4A1,P22736-2,Phosphorylation,S364
NR4A1,P22736,Phosphorylation,S199
NR4A1,P22736,Phosphorylation,S237
NR4A1,P22736,Phosphorylation,S100
NR4A1,P22736,Phosphorylation,T174
NR4A1,P22736,Phosphorylation,S191
NR4A1,P22736,Phosphorylation,T236
NR4A1,P22736,Phosphorylation,S243
NR4A1,P22736,Phosphorylation,Y8
NR4A3,Q92570,Phosphorylation,T364
NR4A3,Q92570,Phosphorylation,S366
NR4A3,Q92570,Phosphorylation,S376
NR4A3,Q92570-3,Phosphorylation,S296
NR4A3,Q92570-3,Phosphorylation,S377
NR4A3,Q92570,Phosphorylation,S264
NR4A3,Q92570,Phosphorylation,T266
NR4A3,Q92570,Phosphorylation,S268
NR4A3,Q92570,Phosphorylation,S269
NR4A3,Q92570,Phosphorylation,S274
NR4A3,Q92570,Phosphorylation,S276
NR4A3,Q92570,Phosphorylation,S279
NR4A3,Q92570,Phosphorylation,S387
NR4A3,Q92570,Phosphorylation,T262
NR4A3,Q92570,Phosphorylation,S282
NR4A3,Q92570,Phosphorylation,S284
NR4A3,Q92570,Phosphorylation,S285
NR4A3,Q92570,Phosphorylation,S286
NR4A3,Q92570,Phosphorylation,S287
NR4A3,Q92570,Phosphorylation,S380
NR4A3,Q92570,Phosphorylation,S390
NR4A3,Q92570,Phosphorylation,S393
NR4A3,Q92570,Phosphorylation,T563
NR4A3,Q92570,Phosphorylation,S564
NR4A3,Q92570,Phosphorylation,S565
NR4A3,Q92570,Phosphorylation,S611
NR5A1,Q13285,Phosphorylation,S203
NR5A1,Q13285,Phosphorylation,S430
NR5A2,O00482,Phosphorylation,S31
NR5A2,O00482,Phosphorylation,S13
NR5A2,O00482,Phosphorylation,S2
NR5A2,O00482,Phosphorylation,S3
NR6A1,Q15406,Phosphorylation,S191
NR0B1,P51843,Phosphorylation,S354
NR0B1,P51843,Phosphorylation,S356
NR0B1,P51843,Phosphorylation,Y81
NR0B1,P51843,Phosphorylation,Y147
NR0B1,P51843,Phosphorylation,S148
NR0B1,P51843,Phosphorylation,T151
NR0B1,P51843,Phosphorylation,S152
NR0B1,P51843,Phosphorylation,S153
NR0B1,P51843,Phosphorylation,S78
NR0B1,P51843,Phosphorylation,S82
NR0B1,P51843,Phosphorylation,T85
NR0B1,P51843,Phosphorylation,S86
NR0B1,P51843,Phosphorylation,T90
NR0B1,P51843,Phosphorylation,Y91
NR0B2,Q15466,Phosphorylation,S116
THRA,P10827,Phosphorylation,S216
THRB,P10828,Phosphorylation,S99
THRB,P10828,Phosphorylation,Y100
RARG,P13631,Phosphorylation,T391
PPARD,Q03181,Phosphorylation,S319
NR1D1,P20393,Phosphorylation,S159
RORA,P35398,Phosphorylation,T485
RORA,P35398,Phosphorylation,T476
NR1H3,Q13133,Phosphorylation,S312
NR1H3,Q13133,Phosphorylation,S310
NR1H3,Q13133,Phosphorylation,Y306
NR1H3,Q13133,Phosphorylation,S36
VDR,P11473,Phosphorylation,S119
NR1I2,O75469,Phosphorylation,S192
RXRA,P19793,Phosphorylation,S355
RXRA,P19793,Phosphorylation,S312
RXRA,P19793,Phosphorylation,S314
RXRB,P28702,Phosphorylation,S426
RXRG,P48443,Phosphorylation,S356
RXRG,P48443,Phosphorylation,S68
NR2C2,P49116,Phosphorylation,Y116
NR2C1,P13056,Phosphorylation,S140
NR2C1,P13056,Phosphorylation,S203
NR2C1,P13056,Phosphorylation,S509
NR2E1,Q9Y466,Phosphorylation,Y50
NR2E3,Q9Y5X4,Phosphorylation,S74
NR2F1,P10589,Phosphorylation,S113
NR2F1,P10589,Phosphorylation,Y171
NR2F2,P24468,Phosphorylation,S106
NR2F6,P10588,Phosphorylation,T380
NR2F6,P10588,Phosphorylation,T384
ESR2,Q92731,Phosphorylation,S447
ESR2,Q92731,Phosphorylation,S448
ESR2,Q92731,Phosphorylation,S135
ESR2,Q92731,Phosphorylation,S142
ESRRA,P11474,Phosphorylation,S72
ESRRG,P62508,Phosphorylation,S34
NR3C1,P04150,Phosphorylation,T529
NR3C1,P04150,Phosphorylation,T531
NR3C1,P04150,Phosphorylation,Y89
NR3C1,P04150,Phosphorylation,Y433
NR3C2,P08235,Phosphorylation,S296
NR0B2,Q15466,Phosphorylation,S27
NR0B2,Q15466,Phosphorylation,S26
NR1D1,P20393,Phosphorylation,T274
NR1D2,Q14995,Phosphorylation,S46
RXRA,P19793,Phosphorylation,S56
RXRA,P19793,Phosphorylation,S70
NR2C1,P13056,Phosphorylation,S197
NR2C1,P13056,Phosphorylation,S581
THRA,P10827-2,Sumoylation,K283
THRA,P10827-2,Sumoylation,K389
THRB,P10828,Sumoylation,K50
THRB,P10828,Sumoylation,K146
THRB,P10828,Sumoylation,K443
RARA,P10276,Sumoylation,K399
RARA,P10276,Sumoylation,K166
RARA,P10276,Sumoylation,K171
PPARA,Q07869,Sumoylation,K185
PPARG,P37231-2,Sumoylation,K367
RORA,P35398-2,Sumoylation,K240
RORC,P51449-2,Sumoylation,K31
NR1H3,Q13133,Sumoylation,K328
NR1H3,Q13133,Sumoylation,K434
NR1H2,P55055,Sumoylation,K409
NR1H2,P55055,Sumoylation,K448
NR1H4,Q96RI1-1,Sumoylation,K279
NR1H4,Q96RI1-1,Sumoylation,K122
NR1H4,Q96RI1-1,Sumoylation,K325
NR1H4,Q96RI1-2,Sumoylation,K278
VDR,P11473,Sumoylation,K91
RXRA,P19793,Sumoylation,K108
ESR1,P03372,Sumoylation,K266
ESR1,P03372,Sumoylation,K268
ESRRA,P11474,Sumoylation,K14
ESRRA,P11474,Sumoylation,K403
NR3C1,P04150,Sumoylation,K277
NR3C1,P04150,Sumoylation,K296
NR3C1,P04150,Sumoylation,K703
PGR,P06401,Sumoylation,K388
PGR,P06401,Sumoylation,K7
PGR,P06401,Sumoylation,K531
AR,P10275,Sumoylation,K388
AR,P10275,Sumoylation,K521
NR4A1,P22736,Sumoylation,K102
NR4A1,P22736,Sumoylation,K577
NR5A2,O00482-2,Sumoylation,K224
RARG,P13631,Sumoylation,K172
RARG,P13631,Sumoylation,K401
NR1H2,P55055,Sumoylation,K447
NR1H4,Q96RI1,Sumoylation,K132
NR1H4,Q96RI1,Sumoylation,K289
RXRA,P19793,Sumoylation,K4
NR2C2,P49116,Sumoylation,K192
NR2C1,P13056,Sumoylation,K250
NR2C1,P13056,Sumoylation,K588
ESRRA,P11474,Sumoylation,K189
NR3C1,P04150,Sumoylation,K293
NR3C1,P04150,Sumoylation,K258
NR4A2,P43354,Sumoylation,K577
NR5A1,Q13285,Sumoylation,K119
NR5A1,Q13285,Sumoylation,K194
NR5A2,O00482,Sumoylation,K270
THRA,P10827,Sumoylation,K190
THRB,P10828,Sumoylation,K211
RARG,P13631,Sumoylation,K236
PPARD,Q03181,Sumoylation,K176
PPARD,Q03181,Sumoylation,K132
PPARG,P37231,Sumoylation,K107
PPARG,P37231,Sumoylation,K94
PPARG,P37231,Sumoylation,K63
NR1D1,P20393,Sumoylation,K400
NR1D1,P20393,Sumoylation,K171
NR1D1,P20393,Sumoylation,K412
NR1D1,P20393,Sumoylation,K124
NR1D1,P20393,Sumoylation,K167
NR1D1,P20393,Sumoylation,K306
NR1D2,Q14995,Sumoylation,K369
NR1D2,Q14995,Sumoylation,K250
NR1D2,Q14995,Sumoylation,K142
NR1D2,Q14995,Sumoylation,K230
NR1D2,Q14995,Sumoylation,K262
NR1D2,Q14995,Sumoylation,K68
RORA,P35398,Sumoylation,K469
NR1H3,Q13133,Sumoylation,K128
NR1H3,Q13133,Sumoylation,K119
NR1H2,P55055,Sumoylation,K247
NR1H2,P55055,Sumoylation,K80
NR1H2,P55055,Sumoylation,K31
VDR,P11473,Sumoylation,K123
VDR,P11473,Sumoylation,K294
VDR,P11473,Sumoylation,K302
VDR,P11473,Sumoylation,K55
VDR,P11473,Sumoylation,K315
VDR,P11473,Sumoylation,K45
VDR,P11473,Sumoylation,K117
RXRA,P19793,Sumoylation,K417
RXRA,P19793,Sumoylation,K245
RXRB,P28702,Sumoylation,K271
RXRB,P28702,Sumoylation,K314
RXRB,P28702,Sumoylation,K180
RXRB,P28702,Sumoylation,K452
RXRG,P48443,Sumoylation,K113
NR2C2,P49116,Sumoylation,K63
NR2C2,P49116,Sumoylation,K105
NR2C2,P49116,Sumoylation,K210
NR2C1,P13056,Sumoylation,K188
NR2C1,P13056,Sumoylation,K42
NR2C1,P13056,Sumoylation,K153
NR2C1,P13056,Sumoylation,K56
NR2F2,P24468,Sumoylation,K362
NR2F2,P24468,Sumoylation,K340
NR2F2,P24468,Sumoylation,K70
ESRRA,P11474,Sumoylation,K76
ESRRA,P11474,Sumoylation,K146
ESRRA,P11474,Sumoylation,K51
ESRRA,P11474,Sumoylation,K68
ESRRB,O95718,Sumoylation,K17
ESRRB,O95718,Sumoylation,K90
ESRRG,P62508,Sumoylation,K40
ESRRG,P62508,Sumoylation,K439
ESRRG,P62508,Sumoylation,K115
NR3C1,P04150,Sumoylation,K280
NR3C1,P04150,Sumoylation,K498
NR3C1,P04150,Sumoylation,K4
NR3C1,P04150,Sumoylation,K254
NR3C1,P04150,Sumoylation,K57
NR3C1,P04150,Sumoylation,K681
NR3C1,P04150,Sumoylation,K67
NR3C1,P04150,Sumoylation,K120
NR3C1,P04150,Sumoylation,K31
NR3C1,P04150,Sumoylation,K677
NR3C1,P04150,Sumoylation,K348
NR3C1,P04150,Sumoylation,K246
NR3C2,P08235,Sumoylation,K428
NR3C2,P08235,Sumoylation,K89
NR3C2,P08235,Sumoylation,K887
NR3C2,P08235,Sumoylation,K442
NR3C2,P08235,Sumoylation,K494
NR3C2,P08235,Sumoylation,K909
AR,P10275,Sumoylation,K313
AR,P10275,Sumoylation,K823
AR,P10275,Sumoylation,K639
AR,P10275,Sumoylation,K241
AR,P10275,Sumoylation,K301
NR4A2,P43354,Sumoylation,K179
NR4A2,P43354,Sumoylation,K284
NR4A2,P43354,Sumoylation,K296
NR4A2,P43354,Sumoylation,K226
NR4A1,P22736,Sumoylation,K354
NR4A1,P22736,Sumoylation,K381
NR4A1,P22736,Sumoylation,K397
NR4A1,P22736,Sumoylation,K254
NR4A1,P22736,Sumoylation,K352
NR4A1,P22736,Sumoylation,K386
NR4A1,P22736,Sumoylation,K300
NR4A1,P22736,Sumoylation,K343
NR4A3,Q92570,Sumoylation,K85
NR4A3,Q92570,Sumoylation,K313
NR4A3,Q92570,Sumoylation,K377
NR4A3,Q92570,Sumoylation,K325
NR5A2,O00482,Sumoylation,K192
NR0B1,P51843,Sumoylation,K351
PPARG,P37231-2,Ubiquitination,K224
NR3C1,P04150,Ubiquitination,K419
AR,P10275,Ubiquitination,K846
AR,P10275,Ubiquitination,K848
THRA,P10827,Ubiquitination,K190
NR1D1,P20393,Ubiquitination,K400
NR1D1,P20393,Ubiquitination,K455
NR1D1,P20393,Ubiquitination,K576
NR1D1,P20393,Ubiquitination,K591
NR1D2,Q14995,Ubiquitination,K557
VDR,P11473,Ubiquitination,K302
HNF4A,P41235,Ubiquitination,K234
HNF4A,P41235,Ubiquitination,K307
RXRB,P28702,Ubiquitination,K452
RXRB,P28702,Ubiquitination,K488
NR2F1,P10589,Ubiquitination,K308
NR2F1,P10589,Ubiquitination,K369
NR2F1,P10589,Ubiquitination,K396
NR2F1,P10589,Ubiquitination,K96
NR2F1,P10589,Ubiquitination,K310
NR2F2,P24468,Ubiquitination,K301
NR2F2,P24468,Ubiquitination,K389
NR2F6,P10588,Ubiquitination,K291
NR2F6,P10588,Ubiquitination,K379
ESR1,P03372,Ubiquitination,K302
NR3C1,P04150-6,Ubiquitination,K84
NR3C1,P04150-5,Ubiquitination,K89
NR3C1,P04150-4,Ubiquitination,K104
NR3C1,P04150-8,Ubiquitination,K322
NR3C1,P04150-2,Ubiquitination,K330
NR3C1,P04150-1,Ubiquitination,K334
NR3C1,P04150-8,Ubiquitination,K393
PGR,P06401,Ubiquitination,K388
PGR,P06401,Ubiquitination,K386
PGR,P06401-2,Ubiquitination,K222
PGR,P06401-2,Ubiquitination,K224
NR4A1,P22736,Ubiquitination,K381
NR5A1,Q13285,Ubiquitination,K119
RARA,P10276,Ubiquitination,K390
RARA,P10276,Ubiquitination,K234
RARB,P10826,Ubiquitination,K390
PPARG,P37231,Ubiquitination,K382
PPARG,P37231,Ubiquitination,K258
PPARG,P37231,Ubiquitination,K268
PPARG,P37231,Ubiquitination,K94
NR1D1,P20393,Ubiquitination,K167
NR1D1,P20393,Ubiquitination,K117
NR1D1,P20393,Ubiquitination,K587
NR1D1,P20393,Ubiquitination,K306
NR1D1,P20393,Ubiquitination,K491
NR1D1,P20393,Ubiquitination,K171
NR1D2,Q14995,Ubiquitination,K138
NR1D2,Q14995,Ubiquitination,K553
NR1D2,Q14995,Ubiquitination,K542
VDR,P11473,Ubiquitination,K399
VDR,P11473,Ubiquitination,K123
RXRA,P19793,Ubiquitination,K417
RXRA,P19793,Ubiquitination,K381
RXRB,P28702,Ubiquitination,K476
RXRG,P48443,Ubiquitination,K418
RXRG,P48443,Ubiquitination,K382
NR2C2,P49116,Ubiquitination,K531
NR2C1,P13056,Ubiquitination,K119
NR2C1,P13056,Ubiquitination,K538
NR2F6,P10588,Ubiquitination,K330
ESRRA,P11474,Ubiquitination,K146
ESRRG,P62508,Ubiquitination,K443
NR3C1,P04150,Ubiquitination,K681
NR3C1,P04150,Ubiquitination,K695
NR3C1,P04150,Ubiquitination,K699
NR3C1,P04150,Ubiquitination,K57
NR3C1,P04150,Ubiquitination,K677
NR4A2,P43354,Ubiquitination,K296
NR4A1,P22736,Ubiquitination,K300
NR4A1,P22736,Ubiquitination,K307
NR4A3,Q92570,Ubiquitination,K325
NR0B1,P51843,Ubiquitination,K154
NR0B1,P51843,Ubiquitination,K184
PPARD,Q03181,Polyubiquitination,NA
RORA,P35398-2,Monomethylation,K38
NR1H4,Q96RI1-1,O-glcNAcylation,S62
ESR1,P03372,Neddylation,NA
ESR1,P03372,S-nitrosylation,NA
ESR1,P03372,Thiol oxidation,C221
ESR1,P03372,Thiol oxidation,C227
ESR1,P03372,Thiol oxidation,C237
ESR1,P03372,Thiol oxidation,C240
ESR2,Q92731,Neddylation,NA
NR4A1,P22736,Polyubiquitination,NA
NR0B1,P51843,Monoubiquitination,NA
NR1D2,Q14995,Ubiquitination,NA
RORA,P35398-2,Phosphorylation,NA
NR1H4,Q96RI1-1,Ubiquitination,NA
VDR,P11473,Ubiquitination,NA
VDR,P11473,Ubiquitination,NA
VDR,P11473,Ubiquitination,NA
VDR,P11473,Ubiquitination,NA
NR1I2,O75469,Sumoylation,NA
HNF4A,P41235,Sumoylation,NA
ESR1,P03372,Phosphorylation,NA
ESR1,P03372,Phosphorylation,NA
ESR1,P03372,Ubiquitination,NA
ESRRB,O95718-1,Acetylation,NA
ESRRG,P62508,Acetylation,NA
NR3C2,P08235,Phosphorylation,NA
PGR,P06401,Acetylation,NA
PGR,P06401,Acetylation,NA
PGR,P06401,Ubiquitination,NA
NR4A2,P43354,Phosphorylation,NA
NR4A1,P22736,Acetylation,NA
HNF4G,Q14541,Phosphorylation,S118
HNF4G,Q14541,Phosphorylation,S121
HNF4G,Q14541,Phosphorylation,S124
HNF4G,Q14541,Phosphorylation,T126
HNF4G,Q14541,Phosphorylation,S103
HNF4G,Q14541,Phosphorylation,T106
HNF4G,Q14541,Phosphorylation,S114
HNF4G,Q14541,Phosphorylation,S120
HNF4G,Q14541,Phosphorylation,S125
HNF4G,Q14541,Phosphorylation,Y156
HNF4G,Q14541,Phosphorylation,Y191
HNF4G,Q14541,Phosphorylation,S94
HNF4G,Q14541,Phosphorylation,T95
HNF4G,Q14541,Phosphorylation,S99
HNF4G,Q14541,Methylation,K42
HNF4G,Q14541,Methylation,K131
HNF4G,Q14541,Phosphorylation,S39
HNF4G,Q14541,Phosphorylation,S94
HNF4G,Q14541,Phosphorylation,T370
HNF4G,Q14541,Phosphorylation,T373
HNF4G,Q14541,Phosphorylation,S377
